,Parameters,PDB,State,Pocket,Type,Filter,Score,Drug score,a-sphere,SASA,Volume,Hydrophobic density,Apolar a-sphere proportion,Hydrophobicity score,Polarity score,PocketNT,Pocket npr1,Pocket npr2
0,-m 3.0 -M 5.7 -i 42 -D 1.65 -A 3 -p 0.0,7k00,,1,Novel,Pass,0.4,0.098,110,1.3e+02,4.4e+02,4.3,0.064,-2.2,9,"[1342, 1343, 1344, 1345, 1385, 1386, 1396, 1397, 1398, 1399, 1400, 1401]",0.2,0.96
1,-m 3.0 -M 5.7 -i 42 -D 1.65 -A 3 -p 0.0,7k00,,2,Novel,Pass,0.35,0.018,183,3.1e+02,9e+02,3.4,0.038,-1.8,15,"[2061, 2447, 2451, 2452, 2500, 2501, 2503, 2504, 2505, 2506]",0.3,0.98
2,-m 3.0 -M 5.7 -i 42 -D 1.65 -A 3 -p 0.0,7k00,,3,Novel,Pass,0.32,0.023,121,1.7e+02,6.3e+02,5.5,0.066,0.81,12,"[530, 531, 532, 561, 562, 2035, 2036, 2037]",0.53,0.66
3,-m 3.0 -M 5.7 -i 42 -D 1.65 -A 3 -p 0.0,7k00,,4,Novel,Pass,0.25,0.005,58,89,3.5e+02,2.6,0.12,-5.9,6,"[574, 2022, 2023, 2024, 2034, 2053, 2054, 2616, 2617]",0.29,0.94
4,-m 3.0 -M 5.7 -i 42 -D 1.65 -A 3 -p 0.0,7k00,,5,Novel,Pass,0.23,0.001,55,67,2.6e+02,0,0.018,-4.4,7,"[307, 308, 309, 330, 331, 476, 477, 501, 502, 505, 510, 1210, 1211, 1212, 1236, 1237, 1238]",0.27,0.86
5,-m 3.0 -M 5.7 -i 42 -D 1.65 -A 3 -p 0.0,7k00,,6,Novel,Pass,0.23,0.007,77,1.1e+02,3.7e+02,8.8,0.13,-7.2,8,"[863, 864, 865, 866, 913, 914, 915]",0.43,0.79
6,-m 3.0 -M 5.7 -i 42 -D 1.65 -A 3 -p 0.0,7k00,,7,Novel,Pass,0.21,0.011,82,1.3e+02,3.8e+02,3.2,0.061,-9.3,8,"[1276, 1277, 1286, 1287, 1288, 1289, 1326, 1327, 1328, 1330, 1645, 1646, 1647, 1648, 1649, 1650]",0.26,0.92
7,-m 3.0 -M 5.7 -i 42 -D 1.65 -A 3 -p 0.0,7k00,,8,Novel,Pass,0.21,0.003,58,92,2.9e+02,0,0,-7.9,10,"[687, 786, 787, 788, 789, 790, 791, 1780, 1781]",0.19,0.94
8,-m 3.0 -M 5.7 -i 42 -D 1.65 -A 3 -p 0.0,7k00,,9,Novel,Pass,0.2,0.001,68,99,3.4e+02,0,0.015,-13,8,"[1026, 1027, 1028, 1126, 1127, 1128, 2464, 2487, 2488, 2489]",0.34,0.88
9,-m 3.0 -M 5.7 -i 42 -D 1.65 -A 3 -p 0.0,7k00,,10,Novel,Pass,0.19,0.014,54,93,3.2e+02,5.2,0.15,10,4,"[1361, 1362, 1370, 1371, 1372, 1373, 1810, 1811, 1812, 2212, 2213, 2214, 2215]",0.19,0.98
10,-m 3.0 -M 5.7 -i 42 -D 1.65 -A 3 -p 0.0,7k00,,11,Novel,Pass,0.19,0.006,73,1.1e+02,3.7e+02,7.6,0.14,-0.6,4,"[531, 562, 572, 573, 574, 575, 2029, 2031, 2032, 2033, 2034, 2035, 2055, 2454, 2499]",0.49,0.89
11,-m 3.0 -M 5.7 -i 42 -D 1.65 -A 3 -p 0.0,7k00,,12,Novel,Pass,0.18,0.006,47,61,1.9e+02,6,0.15,1.5,5,"[857, 858, 859, 860, 861, 910, 911, 913, 2264, 2265, 2267, 2268, 2269, 2270]",0.48,0.85
12,-m 3.0 -M 5.7 -i 42 -D 1.65 -A 3 -p 0.0,7k00,,13,Novel,Pass,0.17,0.001,59,68,2.2e+02,0,0,2.4,4,"[826, 827, 828, 829, 2246, 2247, 2258, 2259, 2426, 2427, 2429, 2430]",0.49,0.79
13,-m 3.0 -M 5.7 -i 42 -D 1.65 -A 3 -p 0.0,7k00,,14,Novel,Pass,0.16,0.003,101,2.1e+02,6.5e+02,1.6,0.05,-7,14,"[1670, 1671, 1673, 1674, 1675]",0.51,0.6
14,-m 3.0 -M 5.7 -i 42 -D 1.65 -A 3 -p 0.0,7k00,,15,Novel,Pass,0.15,0.001,46,53,1.6e+02,2,0.065,3.1,4,"[2000, 2001, 2002, 2688, 2689, 2690, 2721, 2722, 2873]",0.56,0.78
15,-m 3.0 -M 5.7 -i 42 -D 1.65 -A 3 -p 0.0,7k00,,16,Novel,Pass,0.15,0.001,130,2.3e+02,7.4e+02,1.5,0.031,-3.8,10,"[1364, 1365, 1366, 1367, 1368, 1369, 1807, 1808, 1809]",0.095,0.57
16,-m 3.0 -M 5.7 -i 42 -D 1.65 -A 3 -p 0.0,7k00,,17,Novel,Pass,0.15,0.022,70,1e+02,3.1e+02,6.8,0.11,12,3,"[377, 378, 397, 398, 1854, 1855, 1856, 2088, 2089, 2231, 2232]",0.27,0.87
17,-m 3.0 -M 5.7 -i 42 -D 1.65 -A 3 -p 0.0,7k00,,18,Novel,Pass,0.14,0.094,109,1.9e+02,4.6e+02,9.2,0.11,-16,9,"[1004, 1005, 1024, 1025, 1135, 1136, 1137, 1138, 1139, 1140, 1143, 1144, 1145]",0.29,0.9
18,-m 3.0 -M 5.7 -i 42 -D 1.65 -A 3 -p 0.0,7k00,,19,Novel,Pass,0.13,0.017,83,1.7e+02,4.7e+02,8,0.11,6.3,6,"[2259, 2260, 2281, 2282, 2388, 2389, 2390, 2391, 2427]",0.37,0.88
19,-m 3.0 -M 5.7 -i 42 -D 1.65 -A 3 -p 0.0,7k00,,20,Novel,Pass,0.13,0.005,66,1.7e+02,4.1e+02,2,0.045,-11,10,"[705, 706, 726, 727, 728, 1429, 1430, 1431, 1432, 1562, 1563, 1564, 1565, 1566]",0.14,0.96
20,-m 3.0 -M 5.7 -i 42 -D 1.65 -A 3 -p 0.0,7k00,,21,Novel,Pass,0.12,0.001,51,94,2.6e+02,0,0,-2.8,6,"[193, 194, 195, 196, 197, 198, 675, 676, 803, 804, 805, 806, 830, 2066, 2067, 2068, 2069, 2070, 2444, 2445]",0.41,0.88
21,-m 3.0 -M 5.7 -i 42 -D 1.65 -A 3 -p 0.0,7k00,,22,Novel,Pass,0.11,0.017,42,41,1.3e+02,11,0.29,16,2,"[696, 697, 698, 729, 735, 736, 737, 738, 759, 760, 761, 762, 763, 764, 765, 766, 767, 781, 1622, 1623, 1775, 1776, 1777, 1981]",0.35,0.91
22,-m 3.0 -M 5.7 -i 42 -D 1.65 -A 3 -p 0.0,7k00,,23,Novel,Pass,0.098,0.009,74,1.4e+02,4.1e+02,9,0.14,1.3,5,"[574, 575, 576, 2055, 2056, 2057, 2500, 2501, 2503, 2504]",0.31,0.86
23,-m 3.0 -M 5.7 -i 42 -D 1.65 -A 3 -p 0.0,7k00,,24,Novel,Pass,0.098,0.007,66,1.1e+02,3.6e+02,10,0.17,-20,9,"[747, 1263, 1264, 2014, 2015, 2016, 2056, 2057, 2611, 2612, 2615]",0.7,0.75
24,-m 3.0 -M 5.7 -i 42 -D 1.65 -A 3 -p 0.0,7k00,,25,Novel,Pass,0.095,0,49,89,3.3e+02,0,0,12,3,"[59, 60, 62, 64, 65, 66, 67, 74]",0.52,0.84
25,-m 3.0 -M 5.7 -i 42 -D 1.65 -A 3 -p 0.0,7k00,,26,Novel,Pass,0.095,0,42,1.2e+02,3.7e+02,0,0,6.2,8,"[2544, 2545, 2546, 2564, 2565, 2645, 2646, 2674, 2675, 2676, 2732]",0.56,0.76
26,-m 3.0 -M 5.7 -i 42 -D 1.65 -A 3 -p 0.0,7k00,,27,Novel,Pass,0.089,0.004,50,72,2.1e+02,4,0.1,1.3,5,"[734, 735, 736, 1300, 1301, 1302, 1303, 1607, 1625, 1626, 1634, 1635]",0.42,0.81
27,-m 3.0 -M 5.7 -i 42 -D 1.65 -A 3 -p 0.0,7k00,,28,Novel,Pass,0.087,0.19,81,1.6e+02,4.1e+02,12,0.17,-6.6,10,"[1300, 1439, 1440, 1553, 1554, 1626, 1627]",0.35,0.84
28,-m 3.0 -M 5.7 -i 42 -D 1.65 -A 3 -p 0.0,7k00,,29,Novel,Pass,0.087,0.004,113,2.4e+02,7.2e+02,0,0.009,-5.5,13,"[2324, 2325, 2326, 2327, 2328, 2331, 2336, 2337, 2384, 2385, 2386, 2387, 2388, 2389]",0.25,0.92
29,-m 3.0 -M 5.7 -i 42 -D 1.65 -A 3 -p 0.0,7k00,,30,Novel,Pass,0.08,0.003,43,65,2e+02,7,0.19,-2.4,4,"[1301, 1302, 1303, 1304, 1607, 1608, 1622, 1623, 1624]",0.45,0.82
30,-m 3.0 -M 5.7 -i 42 -D 1.65 -A 3 -p 0.0,7k00,,31,Novel,Pass,0.074,0.007,75,1.8e+02,5.7e+02,6.3,0.16,-0.55,5,"[1835, 1836, 1837, 1899, 1900, 1902, 1903, 1904, 1905, 1930, 1969, 1970, 1971]",0.17,0.93
31,-m 3.0 -M 5.7 -i 42 -D 1.65 -A 3 -p 0.0,7k00,,32,Novel,Pass,0.073,0,52,1e+02,3.2e+02,1.5,0.077,-2.1,3,"[910, 954, 955, 2265, 2276, 2277]",0.46,0.83
32,-m 3.0 -M 5.7 -i 42 -D 1.65 -A 3 -p 0.0,7k00,,33,Novel,Pass,0.072,0.011,46,82,1.9e+02,6,0.15,-3.3,8,"[569, 570, 945, 946, 947, 948, 960, 961, 962, 963, 983, 984, 2030, 2031, 2449, 2455, 2456, 2495, 2496, 2497, 2498]",0.28,0.96
33,-m 3.0 -M 5.7 -i 42 -D 1.65 -A 3 -p 0.0,7k00,,34,Novel,Pass,0.071,0,49,1.2e+02,3.6e+02,0,0,-5.8,9,"[784, 785, 792, 2440, 2587, 2588, 2599]",-0.58,0.2
34,-m 3.0 -M 5.7 -i 42 -D 1.65 -A 3 -p 0.0,7k00,,35,Novel,Pass,0.069,0.002,48,1e+02,2.6e+02,3,0.083,-15,5,"[827, 828, 829, 2067, 2068, 2069, 2246, 2247]",0.26,0.95
35,-m 3.0 -M 5.7 -i 42 -D 1.65 -A 3 -p 0.0,7k00,,36,Novel,Pass,0.062,0.001,81,1.6e+02,4.5e+02,0,0.025,-5.9,9,"[2392, 2393, 2394, 2395, 2421, 2422]",0.51,0.78
36,-m 3.0 -M 5.7 -i 42 -D 1.65 -A 3 -p 0.0,7k00,,37,Novel,Pass,0.05,0,43,90,2.7e+02,0,0.023,-10,7,"[685, 686, 772, 773, 774, 778]",0.31,0.96
37,-m 3.0 -M 5.7 -i 42 -D 1.65 -A 3 -p 0.0,7k00,,38,Novel,Pass,0.047,0.001,54,1.2e+02,3.8e+02,1,0.037,4.2,7,"[1682, 1755, 1756, 1757, 1758, 1759, 1760, 1761, 1762]",0.6,0.65
38,-m 3.0 -M 5.7 -i 42 -D 1.65 -A 3 -p 0.0,7k00,,39,Novel,Pass,0.04,0.064,52,75,1.9e+02,15,0.31,-17,4,"[980, 1133, 1134, 1135, 1136, 1137, 2026, 2027, 2037, 2038]",0.51,0.76
39,-m 3.0 -M 5.7 -i 42 -D 1.65 -A 3 -p 0.0,7k00,,40,Novel,Pass,0.039,0.001,43,85,1.9e+02,2,0.07,-6.7,6,"[1129, 1130, 1131, 1132, 1133, 2026, 2027, 2515, 2516, 2517]",0.28,0.92
40,-m 3.0 -M 5.7 -i 42 -D 1.65 -A 3 -p 0.0,7k00,,41,Novel,Pass,0.035,0.001,42,92,2.5e+02,1.3,0.071,-11,5,"[223, 224, 225, 226, 227, 391, 392, 393, 408, 409, 410, 411, 419, 2406]",0.29,0.86
41,-m 3.0 -M 5.7 -i 42 -D 1.65 -A 3 -p 0.0,7k00,,42,Novel,Pass,0.015,0.19,74,1.3e+02,3.6e+02,22,0.34,18,2,"[192, 193, 194, 195, 198, 199, 201, 202, 2070, 2071, 2243, 2244]",0.51,0.67
42,-m 3.0 -M 5.7 -i 42 -D 1.65 -A 3 -p 0.0,7k00,,43,Novel,Pass,0.014,0.001,46,1e+02,2.4e+02,2,0.065,0.17,3,"[2304, 2305, 2306, 2307, 2308, 2311, 2312]",0.26,0.94
43,-m 3.0 -M 5.7 -i 42 -D 1.65 -A 3 -p 0.0,7k00,,44,Novel,Pass,0.014,0.004,56,1.1e+02,3.1e+02,8,0.16,-3.8,6,"[562, 570, 571, 572, 573, 971, 972, 982, 983, 2029, 2030]",0.3,0.89
44,-m 3.0 -M 5.7 -i 42 -D 1.65 -A 3 -p 0.0,7k00,,45,Novel,Pass,0.008,0.003,49,1.1e+02,3.1e+02,5,0.12,-10,8,"[2814, 2815, 2816, 2831, 2883, 2884, 2885, 2886, 2887]",0.59,0.9
45,-m 3.0 -M 5.7 -i 42 -D 1.65 -A 3 -p 0.0,7k00,,46,Novel,Fail,-0.001,0.004,63,1.2e+02,3.2e+02,5,0.095,-0.6,5,"[2693, 2694, 2707, 2848, 2849, 2850, 2851, 2868, 2869, 2870]",0.34,0.93
46,-m 3.0 -M 5.7 -i 42 -D 1.65 -A 3 -p 0.0,7k00,,47,Novel,Fail,-0.002,0.006,86,2e+02,5.8e+02,6,0.1,-5.9,9,"[1609, 1610, 1611, 1612, 1613, 1614, 1615, 1616, 1617]",0.48,0.65
47,-m 3.0 -M 5.7 -i 42 -D 1.65 -A 3 -p 0.0,7k00,,48,Novel,Fail,-0.003,0.003,48,1.3e+02,2.8e+02,0,0,2.1,5,"[1770, 1771, 1772, 1773, 1829, 1976, 1977, 1978]",0.34,0.85
48,-m 3.0 -M 5.7 -i 42 -D 1.65 -A 3 -p 0.0,7k00,,49,Novel,Fail,-0.019,0.001,71,1.3e+02,2.8e+02,2,0.042,-1.3,4,"[730, 731, 732, 759, 760, 761, 1772, 1774, 1775, 1776, 1777, 1786, 1787, 1979, 1980, 1981]",0.55,0.67
49,-m 3.0 -M 5.7 -i 42 -D 1.65 -A 3 -p 0.0,7k00,,50,Novel,Fail,-0.02,0.001,50,1.2e+02,3.7e+02,3,0.08,-10,7,"[1661, 1662, 2712, 2713, 2715, 2716, 2717]",0.53,0.81
50,-m 3.0 -M 5.7 -i 42 -D 1.65 -A 3 -p 0.0,7k00,,51,Novel,Fail,-0.02,0.003,43,1.1e+02,2.5e+02,8,0.21,-7.5,7,"[828, 829, 830, 2066, 2067, 2068, 2247, 2248, 2249, 2449]",0.59,0.67
51,-m 3.0 -M 5.7 -i 42 -D 1.65 -A 3 -p 0.0,7k00,,52,Novel,Fail,-0.026,0.001,45,1.2e+02,3.3e+02,2.4,0.11,8.2,5,"[742, 743, 744, 754, 755, 756, 1658, 1659, 1660, 1676, 1677]",0.42,0.92
52,-m 3.0 -M 5.7 -i 42 -D 1.65 -A 3 -p 0.0,7k00,,53,Novel,Fail,-0.045,0,59,1.3e+02,2.9e+02,0,0,-13,6,"[678, 679, 776, 793, 794, 2072, 2241, 2242]",0.57,0.63
53,-m 3.0 -M 5.7 -i 42 -D 1.65 -A 3 -p 0.0,7k00,,54,Novel,Fail,-0.045,0.001,75,2.1e+02,5.3e+02,0,0.013,-3.8,10,"[28, 29, 30, 31, 446, 447, 448, 449, 472, 473, 474, 583, 584]",0.27,0.89
54,-m 3.0 -M 5.7 -i 42 -D 1.65 -A 3 -p 0.0,7k00,,55,Novel,Fail,-0.061,0.003,47,1.4e+02,3.1e+02,3,0.085,27,1,"[1663, 1664, 1996, 1997, 1998, 2685, 2686, 2724, 2725, 2726]",0.28,0.92
55,-m 3.0 -M 5.7 -i 42 -D 1.65 -A 3 -p 0.0,7k00,,56,Novel,Fail,-0.077,0.002,59,1.4e+02,3.4e+02,0,0.034,3,5,"[1347, 1348, 1349, 1350, 1351, 1352, 1376, 1377, 1378, 1379, 1380, 1381, 1382]",0.54,0.67
56,-m 3.0 -M 5.7 -i 42 -D 1.65 -A 3 -p 0.0,7k00,,57,Novel,Fail,-0.079,0.002,44,1.5e+02,4e+02,3,0.091,-10,7,"[2350, 2351, 2364, 2365, 2366, 2367, 2382, 2383, 2384]",0.35,0.95
57,-m 3.0 -M 5.7 -i 42 -D 1.65 -A 3 -p 0.0,7k00,,58,Novel,Fail,-0.087,0,46,1.3e+02,2.7e+02,0,0,5.4,5,"[1132, 1133, 1134, 1135, 1137, 1138, 2038, 2039, 2040]",0.45,0.72
58,-m 3.0 -M 5.7 -i 42 -D 1.65 -A 3 -p 0.0,7k00,,59,Novel,Fail,-0.096,0,58,1.8e+02,5.3e+02,0,0,-4.9,9,"[1772, 1773, 1787, 1788, 1789, 1790, 1827, 1828, 1971, 1972, 2590, 2591]",0.43,0.73
59,-m 3.0 -M 5.7 -i 42 -D 1.65 -A 3 -p 0.0,7k00,,60,Novel,Fail,-0.099,0.002,52,1.8e+02,4.3e+02,1.3,0.058,11,6,"[28, 448, 471, 472, 1258, 1259]",0.25,0.95
60,-m 3.0 -M 5.7 -i 42 -D 1.65 -A 3 -p 0.0,7k00,,61,Novel,Fail,-0.1,0,46,1.7e+02,4e+02,0,0,2.2,6,"[768, 769, 770, 1307, 1308, 1379, 1621, 1622]",0.37,0.95
61,-m 3.0 -M 5.7 -i 42 -D 1.65 -A 3 -p 0.0,7k00,,62,Novel,Fail,-0.11,0.003,42,1.4e+02,3.1e+02,3,0.095,-5.2,6,"[700, 701, 732, 733, 734, 758, 759, 1632, 1633, 1635, 1682, 1683, 1699, 1761, 1762, 1763]",0.4,0.89
62,-m 3.0 -M 5.7 -i 42 -D 1.65 -A 3 -p 0.0,7k00,,63,Novel,Fail,-0.13,0,51,1.7e+02,4.6e+02,0,0,-1.1,7,"[741, 742, 743, 1672, 1673, 1675, 2581, 2582, 2607, 2608, 2609, 2610]",0.7,0.75
63,-m 3.0 -M 5.7 -i 42 -D 1.65 -A 3 -p 0.0,7k00,,64,Novel,Fail,-0.14,0.001,43,1.3e+02,2.2e+02,1,0.047,-16,4,"[1652, 1653, 1654, 1655, 1656, 2004, 2005, 2006, 2822, 2823]",0.56,0.73
64,-m 3.0 -M 5.7 -i 42 -D 1.65 -A 3 -p 0.0,7k00,,65,Novel,Fail,-0.14,0,56,1.6e+02,4e+02,3,0.071,-11,5,"[688, 689, 690, 780, 781, 782, 783, 785, 786, 1777, 1778, 1779, 1780]",0.41,0.78
65,-m 3.0 -M 5.7 -i 42 -D 1.65 -A 3 -p 0.0,7k00,,66,Novel,Fail,-0.21,0.002,84,2.4e+02,5.9e+02,5,0.071,-2.8,12,"[740, 741, 1783, 1784, 1785, 1786, 1938, 1982, 1983, 2588, 2589, 2606, 2607, 2608]",0.6,0.8
66,-m 3.0 -M 5.7 -i 42 -D 1.65 -A 3 -p 0.0,7k00,,67,Novel,Fail,-0.27,0.001,78,2.7e+02,6e+02,1,0.026,-3,8,"[1264, 1265, 1267, 2013, 2014, 2015, 2056, 2577, 2612, 2613, 2614, 2615]",0.44,0.72
